chain,position,residue,Ala,Arg,Asn,Asp,Cys,Gln,Glu,Gly,His,Ile,Lys,Leu,Met,Phe,Pro,Ser,Thr,Val,Trp,Tyr
Structural Stability Mutations,,,,,,,,,,,,,,,,,,,,,,
,,,,,,,,,,,,,,,,,,,,,,
A,325,Lys,1,0.9,0.1,1.3,2.6,0.4,0.8,1.7,1.2,1,-,0.4,1.1,0.8,11.8,1.2,0.9,1,1.3,0.7
A,349,Ser,0.4,-0.3,-0.5,-0.6,1.8,-0.5,-0.2,2.2,-0.3,-0.7,-0.3,-0.6,-0.3,-1.2,12.6,-,-0.3,-0.9,-0.1,-1.2
A,126,Arg,0.2,-,0.6,0.9,1.5,-1,-0.3,-,0.1,-2.3,-1,-0.4,-0.7,14.8,-,0.1,-0.5,-1.9,1.6,-0.2
A,29,Asp,1,0.1,0,-,2.2,0.1,0.3,3.5,0.4,-,0.1,-0.2,0.4,-0.2,9.2,1.3,0.2,0.2,-,-0.3
A,350,Gly,4.1,2.8,0.9,1.7,8.4,2.7,3.6,-,4,8.9,2.8,5.3,3.5,3.4,107.9,3.2,12.9,8.7,-,2.8
,,,,,,,,,,,,,,,,,,,,,,
Functional mutation stabilities,,,,,,,,,,,,,,,,,,,,,,
,,,,,,,,,,,,,,,,,,,,,,
A,143,Ala,-,-,13,15,5.9,18,-,1.4,-,-,-,34.5,67.9,690.2,-,0.8,4.5,19.3,-,-
A,179,Ser,0.4,-0.5,2,2.1,1.6,1.3,2.1,1.1,4.9,-,0.7,1,1.4,6.5,1.4,-,-0.7,2.7,-,-
A,181,Asp,-0.5,-0.1,-1.4,-,1.3,-2.6,-0.3,0.1,-2.1,-,-0.1,-1.4,-1.4,-2.5,-,-0.7,-0.8,-0.6,-3.9,-1.6
A,182,Glu,0.1,0.5,0.1,0.1,3,-0.3,-,0.8,0,-0.3,0.2,-0.3,0.1,-1.7,-,0.5,-0.4,0.1,-,-1.2
A,184,Val,1.4,6.8,2.9,3.4,3.8,3.3,3.4,3,2.5,1.6,5.5,2.8,7,11.5,-,2,0.7,-,1.8,20.6
A,42,Glu,-0.9,1.3,0.9,1.8,1.5,-0.3,-,-,-,2,0.4,-0.6,-0.9,1.2,-,0.2,-0.4,2.6,-0.7,-0.7
A,554,Lys,-0.9,0.3,-1.2,-0.3,-0.1,-2.9,-0.2,-,2.5,-,-,0.3,-2.1,282.9,-,-1.2,-0.8,2.8,-,13.3
A,555,Ser,0.4,0.6,-0.9,0.7,2.2,-0.8,0.9,1.6,-1.3,-0.6,-0.8,-1.4,0,-2.5,-,-,-0.4,0.3,-,-1.8
A,354,Arg,0.4,-,0,1.7,2.3,0.2,1.1,1.6,-0.3,3,-0.1,0,0.2,-1.6,59.9,1,1.2,1.3,-2.2,-1.4
