Ligand,Binding Affinity,rmsd/ub, rmsd/lb
182_Glu-Tyr_laccase_14421_uff_E=504.28,-8.9,0.0,0.0
182_Glu-Tyr_laccase_14421_uff_E=504.28,-8.3,40.547,36.585
182_Glu-Tyr_laccase_14421_uff_E=504.28,-7.7,43.176,40.71
182_Glu-Tyr_laccase_14421_uff_E=504.28,-7.5,4.555,1.701
182_Glu-Tyr_laccase_14421_uff_E=504.28,-7.3,42.843,40.402
182_Glu-Tyr_laccase_14421_uff_E=504.28,-7.0,33.51,32.267
182_Glu-Tyr_laccase_14421_uff_E=504.28,-6.8,34.109,31.197
182_Glu-Tyr_laccase_14421_uff_E=504.28,-6.8,5.461,2.14
182_Glu-Tyr_laccase_14421_uff_E=504.28,-6.7,6.34,2.145
182_Glu-Tyr_laccase_186907_uff_E=919.33,-8.1,0.0,0.0
182_Glu-Tyr_laccase_186907_uff_E=919.33,-7.8,5.721,1.475
182_Glu-Tyr_laccase_186907_uff_E=919.33,-7.6,20.845,19.665
182_Glu-Tyr_laccase_186907_uff_E=919.33,-7.3,41.09,37.247
182_Glu-Tyr_laccase_186907_uff_E=919.33,-7.2,44.694,42.097
182_Glu-Tyr_laccase_186907_uff_E=919.33,-7.2,21.912,19.51
182_Glu-Tyr_laccase_186907_uff_E=919.33,-7.2,22.731,19.432
182_Glu-Tyr_laccase_186907_uff_E=919.33,-7.1,21.434,20.008
182_Glu-Tyr_laccase_186907_uff_E=919.33,-7.0,22.191,19.8
182_Glu-Tyr_laccase_4867_uff_E=569.17,-4.7,0.0,0.0
182_Glu-Tyr_laccase_4867_uff_E=569.17,-4.1,11.271,2.081
182_Glu-Tyr_laccase_4867_uff_E=569.17,-4.1,10.942,1.805
182_Glu-Tyr_laccase_4867_uff_E=569.17,-4.0,44.914,42.44
182_Glu-Tyr_laccase_4867_uff_E=569.17,-4.0,44.758,42.347
182_Glu-Tyr_laccase_4867_uff_E=569.17,-3.9,2.756,1.82
182_Glu-Tyr_laccase_4867_uff_E=569.17,-3.8,2.544,1.937
182_Glu-Tyr_laccase_4867_uff_E=569.17,-3.8,44.695,42.123
182_Glu-Tyr_laccase_4867_uff_E=569.17,-3.8,3.366,2.863
182_Glu-Tyr_laccase_9570474_uff_E=1625.56,-1.4,0.0,0.0
182_Glu-Tyr_laccase_9570474_uff_E=1625.56,-1.4,7.414,7.414
182_Glu-Tyr_laccase_9570474_uff_E=1625.56,-1.4,29.801,29.801
182_Glu-Tyr_laccase_9570474_uff_E=1625.56,-1.3,29.221,29.221
182_Glu-Tyr_laccase_9570474_uff_E=1625.56,-1.3,38.546,38.546
182_Glu-Tyr_laccase_9570474_uff_E=1625.56,-1.3,23.935,23.935
182_Glu-Tyr_laccase_9570474_uff_E=1625.56,-1.3,10.936,10.936
182_Glu-Tyr_laccase_9570474_uff_E=1625.56,-1.2,11.616,11.616
182_Glu-Tyr_laccase_9570474_uff_E=1625.56,-1.2,17.706,17.706
